{
    "auc_roc": 0.9378807801884724,
    "auc_pr": 0.9568314518982496,
    "confusion_matrix": [
        [
            162,
            72
        ],
        [
            16,
            374
        ]
    ],
    "classification_report": {
        "0": {
            "precision": 0.9101123595505618,
            "recall": 0.6923076923076923,
            "f1-score": 0.7864077669902912,
            "support": 234.0
        },
        "1": {
            "precision": 0.8385650224215246,
            "recall": 0.958974358974359,
            "f1-score": 0.8947368421052632,
            "support": 390.0
        },
        "accuracy": 0.8589743589743589,
        "macro avg": {
            "precision": 0.8743386909860432,
            "recall": 0.8256410256410256,
            "f1-score": 0.8405723045477772,
            "support": 624.0
        },
        "weighted avg": {
            "precision": 0.8653952738449135,
            "recall": 0.8589743589743589,
            "f1-score": 0.8541134389371488,
            "support": 624.0
        }
    }
}